BEGIN;

INSERT INTO "answer" ("id", "title", "quiz_id", "created_at", "color") VALUES 
    (271, 'Un Gland', 271, NULL, NULL),
    (272, 'Willy', 272, NULL, NULL),
    (273, 'Un requin', 273, NULL, NULL),
    (274, 'Dingo', 274, NULL, NULL),
    (275, 'Rox', 275, NULL, NULL),
    (276, 'Pluto', 276, NULL, NULL),
    (277, 'Jerry', 277, NULL, NULL),
    (278, 'Scooby-doo', 278, NULL, NULL),
    (279, 'Daffy Duck', 279, NULL, NULL),
    (280, 'Un cochon', 280, NULL, NULL),
    (281, 'Un suricate', 281, NULL, NULL),
    (282, 'Beethoven', 282, NULL, NULL),
    (283, 'Dalmatien', 283, NULL, NULL),
    (284, 'Un éléphant', 284, NULL, NULL),
    (285, 'L''ingénu', 285, NULL, NULL),
    (286, 'Hello Kitty', 286, NULL, NULL),
    (287, 'Gromit', 287, NULL, NULL),
    (288, 'Félix', 288, NULL, NULL),
    (289, 'Une fourmi', 289, NULL, NULL),
    (290, 'Lucky Luke', 290, NULL, NULL),
    (291, 'Un renard', 291, NULL, NULL),
    (292, 'Un lapin', 292, NULL, NULL),
    (293, 'Belle', 293, NULL, NULL),
    (294, 'Franklin', 294, NULL, NULL),
    (295, 'Buddy', 295, NULL, NULL),
    (296, 'Nana', 296, NULL, NULL),
    (297, 'Lil Bub', 297, NULL, NULL),
    (298, 'Chipeur', 298, NULL, NULL),
    (299, 'Edmond', 299, NULL, NULL),
    (300, 'Oberhausen', 300, NULL, NULL),
    (301, 'Gérad Depardieu', 301, NULL, NULL),
    (302, '100 patates', 302, NULL, NULL),
    (303, 'Sa femme', 303, NULL, NULL),
    (304, 'Numérobis', 304, NULL, NULL),
    (305, 'Prêtre', 305, NULL, NULL),
    (306, 'Planeur', 306, NULL, NULL),
    (307, 'Bourvil', 307, NULL, NULL),
    (308, 'Don Camillo', 308, NULL, NULL),
    (309, 'Brice de Nice', 309, NULL, NULL),
    (310, 'Perrin', 310, NULL, NULL),
    (311, 'Maurice Rich', 311, NULL, NULL),
    (312, 'Lui-même', 312, NULL, NULL),
    (313, 'La Bavure', 313, NULL, NULL),
    (314, 'Baccalauréat', 314, NULL, NULL),
    (315, 'Groseille', 315, NULL, NULL),
    (316, 'Michel Galabru', 316, NULL, NULL),
    (317, 'Super-Résistant', 317, NULL, NULL),
    (318, 'Le Sentier', 318, NULL, NULL),
    (319, 'Jean-Claude', 319, NULL, NULL),
    (320, 'Omar Sy', 320, NULL, NULL),
    (321, 'Les Charlots', 321, NULL, NULL),
    (322, 'Un coq', 322, NULL, NULL),
    (323, 'Fernand', 323, NULL, NULL),
    (324, 'Odile Deray', 324, NULL, NULL),
    (325, 'Vincent Elbaz', 325, NULL, NULL),
    (326, '28 ans', 326, NULL, NULL),
    (327, 'Trois', 327, NULL, NULL),
    (328, 'Latour', 328, NULL, NULL),
    (329, 'Alexandra Vandernoot', 329, NULL, NULL),
    (330, 'André Dussollier', 330, NULL, NULL);
    
-- 

INSERT INTO "quiz" ("id", "langue", "theme", "question", "prop1", "prop2", "prop3", "prop4", "niveau", "anecdote", "wiki", "tag_id", "level_id", "created_at", "updated_at", "answer_id") VALUES
  (271,'fr', 'Animaux célèbres', 'Dans le film d''animation  L''Âge de glace , qu''est-ce qui échappe à l''écureuil Scrat ?', 'Un gland', 'Une pierre', 'Un os', 'Une bille', '1', 'À l''occasion de la sortie de  L''Âge de glace 4 , Scrat a eu son double de cire au Musée Grévin le 20 juin 2012.', 'https://fr.wikipedia.org/wiki/Scrat',7,1,NULL,NULL, 271),
  (272,'fr', 'Animaux célèbres', 'Comment se nomme l''orque à sauver dans une saga cinématographique populaire ?', 'Willy', 'Tom', 'Monica', 'Jennifer', '1', 'Si les deuxième et troisième films sont des suites du premier, le 4e n''a aucun lien avec le reste et est en quelque sorte un reboot.', 'https://fr.wikipedia.org/wiki/Sauvez_Willy_(série_de_films)',7,1,NULL,NULL,272),
  (273,'fr', 'Animaux célèbres', 'Dans le film  Les Dents de la mer , quel animal provoque la terreur sur l''île d''Amity ?', 'Un requin', 'Une orque', 'Un kraken', 'Un piranha', '1', ' Les Dents de la mer  est un film charnière qui a rétrospectivement été considéré comme le premier des blockbusters américains.', 'https://fr.wikipedia.org/wiki/Les_Dents_de_la_mer',7,1,NULL,NULL,273),
  (274,'fr', 'Animaux célèbres', 'Quel personnage de Disney, ami de Mickey Mouse, est un chien très maladroit ?', 'Dingo', 'Félix', 'Donald', 'Mortimer', '1', 'À partir des années 1990, Dingo est devenu papa dans une série télévisée dans laquelle son fils se prénomme Max.', 'https://fr.wikipedia.org/wiki/Dingo_(Disney)',7,1,NULL,NULL,274),
  (275,'fr', 'Animaux célèbres', 'Dans un film d''animation de Disney, quel renardeau est l''ami d''un chien de chasse ?', 'Rox', 'Alex', 'Z', 'Simba', '1', 'Rox et Rouky est le dernier dessin animé de Disney commençant par un générique complet et finissant par  The End .', 'https://fr.wikipedia.org/wiki/Rox_et_Rouky',7,1,NULL,NULL,275),
  (276,'fr', 'Animaux célèbres', 'Quel est le nom du chien de Mickey, apparenté à la race des Saint-Hubert ?', 'Pluto', 'Hector', 'Taz', 'Sylvestre', '1', 'Dessiné par Norman Ferguson, Pluto est considéré comme l''un des premiers personnages Disney à sortir du modèle standard.', 'https://fr.wikipedia.org/wiki/Pluto_(Disney)',7,1,NULL,NULL,276),
  (277,'fr', 'Animaux célèbres', 'Dans le célèbre dessin animé, qui le chat Tom poursuit-il sans cesse ?', 'Jerry', 'Titi', 'Manny', 'Grosminet', '1', 'Malgré sa popularité très acclamée, les courts-métrages Tom et Jerry ont fait l''objet de nombreuses controverses.', 'https://fr.wikipedia.org/wiki/Tom_et_Jerry',7,1,NULL,NULL,277),
  (278,'fr', 'Animaux célèbres', 'Quel chien peureux a pour compagnons Samy, Daphné, Véra et Fred ?', 'Scooby-Doo', 'Pluto', 'Beethoven', 'Droopy', '1', 'Une gamme Lego est sortie en 2015 avec six produits inspirés de différents épisodes et films de  Scooby-Do .', 'https://fr.wikipedia.org/wiki/Scooby-Doo',7,1,NULL,NULL,278),
  (279,'fr', 'Animaux célèbres', 'Parmi ces personnages des Looney Tunes, lequel est un canard ?', 'Daffy Duck', 'Titi', 'Bugs Bunny', 'Elmer Fudd', '1', 'Daffy Duck a  sévi  dans 126 dessins animés jusqu''en 1968 au cinéma avant d''en disparaître totalement.', 'https://fr.wikipedia.org/wiki/Daffy_Duck',7,1,NULL,NULL,279),
  (280,'fr', 'Animaux célèbres', 'Dans les deux films  Babe , quel animal campe le personnage principal ?', 'Un cochon', 'Un mouton', 'Un chien', 'Une chèvre', '1', 'Babe eut l''idée tout à fait farfelue de devenir chien de berger, ou plutôt  cochon de berger .', 'https://fr.wikipedia.org/wiki/Babe',7,1,NULL,NULL,280),
  (281,'fr', 'Animaux célèbres', 'Dans le film  Le Roi Lion , quel animal est Timon, le grand ami de Pumbaa ?', 'Un suricate', 'Un écureuil', 'Un tatou', 'Un castor', '2', 'Le suricate est toujours là quand on a besoin de lui, mais il est très souvent ailleurs quand on est avec lui.', 'https://fr.wikipedia.org/wiki/Timon_(Disney)',7,2,NULL,NULL,281),
  (282,'fr', 'Animaux célèbres', 'Quel nom de compositeur désigne aussi un saint-bernard héros de films ?', 'Beethoven', 'Mozart', 'Chopin', 'Brahms', '2', 'Le chien fut baptisé Beethoven parce qu''il a aboyé à la symphonie n°5 de Ludwig van Beethoven.', 'https://fr.wikipedia.org/wiki/Beethoven_(série_de_films)',7,2,NULL,NULL,282),
  (283,'fr', 'Animaux célèbres', 'Des spécimens de quelle race de chiens intéressent fortement Cruella d''Enfer ?', 'Dalmatien', 'Berger allemand', 'Fox-terrier', 'Jack Russel', '2', 'Le personnage de Cruella d''Enfer fut en partie inspiré par Tallulah Bankhead, dont certaines excentricités furent reprises dans le film.', 'https://fr.wikipedia.org/wiki/Cruella_d''Enfer',7,2,NULL,NULL,283),
  (284,'fr', 'Animaux célèbres', 'Dans un film d''animation de Disney, quel animal est moqué pour ses grandes oreilles ?', 'Un éléphant', 'Une girafe', 'Un chien', 'Un cerf', '2', 'Un message d''espoir est délivré par l''histoire :  quand on fait de son mieux, on en retire quelque chose de bien à la fin .', 'https://fr.wikipedia.org/wiki/Dumbo',7,2,NULL,NULL,284),
  (285,'fr', 'Animaux célèbres', 'Quel cheval de selle Napoléon Bonaparte a-t-il emporté avec lui sur l''île d''Elbe ?', 'L''Ingénu', 'L''Affranchi', 'L''Iconoclaste', 'Le malin', '2', 'Également surnommé Wagram en l''honneur de la bataille du même nom, Napoléon l''appréciait énormément.', 'https://fr.wikipedia.org/wiki/L''Ingénu_(cheval)',7,2,NULL,NULL,285),
  (286,'fr', 'Animaux célèbres', 'Quelle marque est représentée par un chat blanc généralement habillé de couleur rose ?', 'Hello Kitty', 'Hola Ginola', 'Santa Maria', 'Bravo Sammy', '2', 'Selon le profil officiel de Hello Kitty, cette dernière se nomme Kitty White et est née à Londres, en Angleterre.', 'https://fr.wikipedia.org/wiki/Hello_Kitty',7,2,NULL,NULL,286),
  (287,'fr', 'Animaux célèbres', 'Dans les films d''animation en pâte à modeler, qui est le partenaire canin de Wallace ?', 'Gromit', 'Rouky', 'Coyote', 'Kaa', '2', 'Tous les personnages sont en plasticine et les scènes sont animées image par image (stop motion).', 'https://fr.wikipedia.org/wiki/Wallace_et_Gromit',7,2,NULL,NULL,287),
  (288,'fr', 'Animaux célèbres', 'Comment s''appelle le chat noir et blanc, héros d''une pub pour de la nourriture pour chats ?', 'Félix', 'Figaro', 'José', 'André', '2', 'Felix ne prend pas d''accent, principalement en raison de l''internationalisation des marques.', 'https://fr.wikipedia.org/wiki/Purina',7,2,NULL,NULL,288),
  (289,'fr', 'Animaux célèbres', 'Dans le film d''animation de Pixar  1001 Pattes , quel insecte est Tilt, le personnage principal ?', 'Une fourmi', 'Un cafard', 'Une libellule', 'Une araignée', '2', 'Woody le cow-boy héros du film d''animation  Toy Story  est apparu dans le bêtisier du générique de fin.', 'https://fr.wikipedia.org/wiki/1001_pattes',7,2,NULL,NULL,289),
  (290,'fr', 'Animaux célèbres', 'Auprès de quel héros de BD le chien inefficace Rantanplan s''est-il illustré ?', 'Lucky Luke', 'Gaston Lagaffe', 'Tintin', 'Astérix', '2', 'Rantanplan appartient à l''administration pénitentiaire, et a pour maître, le gardien Pavlov (en référence au fameux réflexe).', 'https://fr.wikipedia.org/wiki/Rantanplan',7,2,NULL,NULL,290),
  (291,'fr', 'Animaux célèbres', 'Dans la film d''animation  Robin des Bois , quel animal est Robin des Bois ?', 'Un renard', 'Un lion', 'Un ours', 'Un tigre', '3', 'La réalisation de  Robin des Bois  sera marquée par la réutilisation d''éléments d''animation des précédentes productions Disney.', 'https://fr.wikipedia.org/wiki/Robin_des_Bois_(film,_1973)',7,3,NULL,NULL,291),
  (292,'fr', 'Animaux célèbres', 'De quel animal prénommé Roger veut-on  la peau  dans un film d''animation ?', 'Un lapin', 'Un renard', 'Un chien', 'Un kangourou', '3', 'Zemeckis dira de Roger qu''il a  un corps de chez Disney, une tête de chez Warner et une attitude à la Tex Avery .', 'https://fr.wikipedia.org/wiki/Roger_Rabbit',7,3,NULL,NULL,292),
  (293,'fr', 'Animaux célèbres', 'Dans le roman de Cécile Aubry, quelle chienne Sébastien recueille-t-il dans son village ?', 'Belle', 'Simba', 'Daisy', 'Aurore', '3', ' Belle et Sébastien  a fait l''objet d''une adaptation en feuilleton télévisé, d''une série d''animation japonaise et de deux films.', 'https://fr.wikipedia.org/wiki/Belle_et_Sébastien',7,3,NULL,NULL,293),
  (294,'fr', 'Animaux célèbres', 'Quelle tortue sait  compter deux par deux et lacer ses chaussures  ?', 'Franklin', 'Gamera', 'Donatello', 'Caroline', '3', 'Dans chaque épisode, Franklin a un dilemme qu''il résout toujours à la fin, permettant aux enfants de s''identifier au personnage.', 'https://fr.wikipedia.org/wiki/Franklin_(série_télévisée)',7,3,NULL,NULL,294),
  (295,'fr', 'Animaux célèbres', 'Quel chien est devenu le rival du chat Socks en tant qu''animal de la famille Clinton ?', 'Buddy', 'Snoopy', 'Oscar', 'Scooby', '3', 'Les parents Clinton ont adopté un labrador nommé Buddy en hommage à l''oncle de Bill qui vient de décéder.', 'https://fr.wikipedia.org/wiki/Animaux_domestiques_des_présidents_des_États-Unis',7,3,NULL,NULL,295),
  (296,'fr', 'Animaux célèbres', 'Dans  Peter Pan , comment se nomme la chienne de Wendy, John et Michael ?', 'Nana', 'Belle', 'Jasmine', 'Dolly', '3', 'Peter Pan est un personnage créé par l''auteur écossais J. M. Barrie, apparu pour la première fois en 1902.', 'https://fr.wikipedia.org/wiki/Peter_Pan',7,3,NULL,NULL,296),
  (297,'fr', 'Animaux célèbres', 'Quel célèbre chat a une langue qui pend en permanence suite à une malformation ?', 'Lil Bub', 'Bébert', 'Simon', 'Choupette', '3', 'La célèbre chatte est apparue dans un spot de l''ONG Greenpeace à l''occasion de la Journée internationale des tigres.', 'https://fr.wikipedia.org/wiki/Lil_Bub',7,3,NULL,NULL,297),
  (298,'fr', 'Animaux célèbres', 'Dans le dessin animé  Dora l''exploratrice , comment s''appelle le renard voleur ?', 'Chipeur', 'Silver', 'Sylvester', 'Denver', '3', 'Par ce biais de ce méchant renard voleur, la série tente de faire distinguer aux enfants le bien du mal.', 'https://fr.wikipedia.org/wiki/Dora_l''exploratrice',7,3,NULL,NULL,298),
  (299,'fr', 'Animaux célèbres', 'Quel cochon Martin Veyron et Jean-Marc Rochette ont-ils inventé pour une BD ?', 'Edmond', 'Babe', 'Grégoire', 'Jonathan', '3', 'Le style de cette série à l''humour cru et hilarant se situe entre l''underground américain et la tradition animalière française.', 'https://fr.wikipedia.org/wiki/Edmond_le_cochon',7,3,NULL,NULL,299),
  (300,'fr', 'Animaux célèbres', 'Dans l''aquarium de quelle ville allemande Paul le poulpe a-t-il eu son heure de gloire ?', 'Oberhausen', 'Brunswick', 'Karlsruhe', 'Mannheim', '3', 'Paul était renommé pour le spectacle de ses prédictions du résultat des matchs de l''équipe d''Allemagne de football.', 'https://fr.wikipedia.org/wiki/Paul_le_poulpe',7,3,NULL,NULL,300),
  (301,'fr', 'Comédies françaises', 'Quel acteur se tient aux côtés de Christian Clavier dans le film  Les anges gardiens  ?', 'Gérard Depardieu', 'Jean Reno', 'Gérard Jugnot', 'Pierre Richard', '1', 'Tout au long du film, on peut remarquer  un nombre très important de marques de produits, visibles ou citées.', 'https://fr.wikipedia.org/wiki/Les_Anges_gardiens_(film,_1995)',6,1,NULL,NULL,301),
  (302,'fr', 'Comédies françaises', 'De quelle somme doivent hériter les frères de la comédie française  Les 3 frères  ?', '100 patates', '100 francs', '100 briques', '100 euros', '1', 'À la fin du film, le cuisinier de l''orphelinat les appelle les Rois mages, qui est le nom du film qu''ils tourneront six ans plus tard.', 'https://fr.wikipedia.org/wiki/Les_Trois_Frères',6,1,NULL,NULL,302),
  (303,'fr', 'Comédies françaises', 'Qui est surnommé ma biche par Louis de Funès dans la plupart de ses films ?', 'Sa femme', 'Sa fille', 'Sa soeur', 'Sa mère', '1', 'En 1984, une variété de rose sera créée par la société horticole Meilland en l''honneur de l''acteur, la rose Louis de Funès.', 'https://fr.wikipedia.org/wiki/Louis_de_Funès',6,1,NULL,NULL,303),
  (304,'fr', 'Comédies françaises', 'Qui est incarné par Jamel Debbouze dans  Astérix et Obélix : Mission Cléopâtre  ?', 'Numérobis', 'Amonbofils', 'Malococsis', 'Cartapus', '1', 'Pierre Tchernia, narrateur des dessins animés de la franchise, est aussi narrateur dans le film et tient le rôle d''un général romain.', 'https://fr.wikipedia.org/wiki/Astérix_et_Obélix_:_Mission_Cléopâtre',6,1,NULL,NULL,304),
  (305,'fr', 'Comédies françaises', 'Quelle est la profession de Christian Clavier dans la comédie  Les Anges Gardiens  ?', 'Prêtre', 'Patron de cabaret', 'Postier', 'Proxénète', '1', 'Dans  Les Anges Gardiens , il y a de nombreuses similitudes avec  Les Visiteurs , dont l''opposition entre Tarain et son ange.', 'https://fr.wikipedia.org/wiki/Les_Anges_gardiens_(film,_1995)',6,1,NULL,NULL,305),
  (306,'fr', 'Comédies françaises', 'Dans quoi Bourvil et de Funès s''échappent-ils à la fin de  La Grande Vadrouille  ?', 'Planeur', 'Bateau', 'Voiture', 'Train', '1', 'En Allemagne, le film fut la première comédie présentée à l''écran consacrée à la Seconde Guerre mondiale.', 'https://fr.wikipedia.org/wiki/La_Grande_Vadrouille',6,1,NULL,NULL,306),
  (307,'fr', 'Comédies françaises', 'Quel acteur reste le partenaire indissociable de Louis de Funès dans  Le Corniaud  ?', 'Bourvil', 'Fernandel', 'Yves Montand', 'Michel Galabru', '1', 'La 2CV était équipée de 250 boulons électriques afin qu''elle se disloque au moment voulu dans la dernière scène tournée du film.', 'https://fr.wikipedia.org/wiki/Le_Corniaud',6,1,NULL,NULL,307),
  (308,'fr', 'Comédies françaises', 'De quel célèbre curé indiscipliné Fernandel a-t-il revêtu la soutane ?', 'Don Camillo', 'Don Patillo', 'Don Corleone', 'Don Diego de la Vega', '1', 'Don Camillo est un personnage de fiction créé en 1948 par l''humoriste, journaliste et dessinateur Giovannino Guareschi.', 'https://fr.wikipedia.org/wiki/Don_Camillo',6,1,NULL,NULL,308),
  (309,'fr', 'Comédies françaises', 'Dans quel film Jean Dujardin a-t-il les cheveux longs et une planche à voile jaune ?', ' Brice de Nice ', ' 99 francs ', ' OSS 117 ', ' Cash ', '1', 'Apparu pour la première fois aux yeux du grand public dans un sketch télévisé, le personnage de Brice a spontanément plu.', 'https://fr.wikipedia.org/wiki/Brice_de_Nice_(film)',6,1,NULL,NULL,309),
  (310,'fr', 'Comédies françaises', 'Quel est le nom de famille de Pierre Richard dans le film  La chèvre  de Francis Veber ?', 'Perrin', 'Duchemin', 'Tricatel', 'Pignon', '1', 'Les rôles devaient à l''origine être tenus par Ventura et Villeret, mais le premier ne souhaitait pas tourner avec le second.', 'https://fr.wikipedia.org/wiki/La_Chèvre',6,3,NULL,NULL,310),
  (311,'fr', 'Comédies françaises', 'Lequel de ces acteurs ne retrouve-t-on pas dans  Le gendarme se marie  ?', 'Maurice Rich', 'Jean Lefebvre', 'Christian Marin', 'Michel Galabru', '2', 'Le tournage fut marqué par une longue grève déclenchée par les événements de Mai 68 et par la mort d''un cascadeur du film.', 'https://fr.wikipedia.org/wiki/Le_gendarme_se_marie',6,2,NULL,NULL,311),
  (312,'fr', 'Comédies françaises', 'Qui incarne Jean-Claude Van Damme dans la comédie  JCVD  ?', 'Lui-même', 'Son frère', 'Son fils', 'Son père', '2', 'Les critiques louent le surprenant contre-emploi de Jean-Claude Van Damme qui y dévoile des réelles qualités d''acteur.', 'https://fr.wikipedia.org/wiki/JCVD_(film)',6,2,NULL,NULL,312),
  (313,'fr', 'Comédies françaises', 'Quel est le surnom d''un inspecteur incarné par Coluche dans un de ses films ?', 'La Bavure', 'La Bêtise', 'La Bévue', 'La Banqueroute', '2', 'Pendant la réalisation du film, une novélisation en bande-dessinée a été conçue par les artistes Cabu et Didier Convard.', 'https://fr.wikipedia.org/wiki/Inspecteur_la_Bavure',6,2,NULL,NULL,313),
  (314,'fr', 'Comédies françaises', 'Quel diplôme tentent de décrocher les élèves du film  Les Sous-doués  ?', 'Baccalauréat', 'BEP', 'Brevet', 'Master', '2', 'Après la sortie des  Sous-doués en vacances  en 1982, le film a été du coup rebaptisé  Les Sous-doués passent le bac .', 'https://fr.wikipedia.org/wiki/Les_Sous-doués',6,2,NULL,NULL,314),
  (315,'fr', 'Comédies françaises', 'Quel est le nom de la famille modeste de  La vie est un long fleuve tranquille  ?', 'Groseille', 'Fraise', 'Mûre', 'Cerise', '2', 'Le film a été tourné pendant l''été 1987 dans plusieurs localités du Nord : Roubaix, Lille, Tourcoing et Villeneuve-d''Ascq.', 'https://fr.wikipedia.org/wiki/La_vie_est_un_long_fleuve_tranquille',6,2,NULL,NULL,315),
  (316,'fr', 'Comédies françaises', 'Lequel de ces acteurs ne fait pas partie de la troupe du Splendid ?', 'Michel Galabru', 'Thierry Lhermitte', 'Christian Clavier', 'Martin Lamotte', '2', 'Certains films réunissent plusieurs acteurs du Splendid mais ne sont toutefois pas crédités comme films du Splendid.', 'https://fr.wikipedia.org/wiki/Le_Splendid',6,2,NULL,NULL,316),
  (317,'fr', 'Comédies françaises', 'En quel héros se déguise Martin Lamotte dans la comédie  Papy fait de la résistance  ?', 'Super-Résistant', 'Super-Batailleur', 'Super-Français', 'Super-DeGaulle', '2', 'Le film, devenu culte, réunit les acteurs de la nouvelle génération des années 1970-80 et les acteurs de l''ancienne génération.', 'https://fr.wikipedia.org/wiki/Papy_fait_de_la_résistance',6,2,NULL,NULL,317),
  (318,'fr', 'Comédies françaises', 'Dans quel quartier de Paris se déroulent les scènes principales de  La Vérité si je mens  ?', 'Le Sentier', 'Le Chemin', 'Le Marais', 'Le Passage', '2', 'À l''origine, le scénario du film devait être issu du livre écrit par Michel Munz,  Rock Casher , roman sur les Séfarades du Sentier.', 'https://fr.wikipedia.org/wiki/La_Vérité_si_je_mens_!',6,2,NULL,NULL,318),
  (319,'fr', 'Comédies françaises', 'Quel personnage est devenu coiffeur hype à Los Angeles dans  Les Bronzés 3  ?', 'Jean-Claude', 'Popeye', 'Jérôme', 'Bernard', '2', 'La troupe du Splendid devait à l''origine se retrouver autour du film  Astérix en Hispanie , projet proposé puis plus tard abandonné.', 'https://fr.wikipedia.org/wiki/Les_Bronzés_3',6,2,NULL,NULL,319),
  (320,'fr', 'Comédies françaises', 'Quel acteur interprète Bakari Driss Bassari dans le film  Intouchables  ?', 'Omar Sy', 'François Cluzet', 'Christian Ameri', 'Thomas Slivéres', '2', 'L''histoire est inspirée de la vie de Philippe Pozzo di Borgo, tétraplégique, et de sa relation avec Abdel Yasmin Sellou.', 'https://fr.wikipedia.org/wiki/Intouchables_(film)',6,2,NULL,NULL,320),
  (321,'fr', 'Comédies françaises', 'Quel quatuor de chanteurs comiques a régné sur la comédie française des années 1970 ?', 'Les Charlots', 'Les Frères Jacques', 'Les Rigolos', 'Les Marrants', '3', 'Gérard Filippelli et Jean Sarrus ont joué dans l''intégralité des films des Charlots, Gérard Rinaldi dans tous sauf dans le dernier.', 'https://fr.wikipedia.org/wiki/Les_Charlots',6,3,NULL,NULL,321),
  (322,'fr', 'Comédies françaises', 'Qui est Pouic-Pouic dans la comédie française du même nom ?', 'Un coq', 'Louis de Funès', 'Jacqueline Maillan', 'Un chat', '3', 'Le film fut réalisé d''après la pièce de théâtre  Sans cérémonie  de Jacques Vilfrid et Jean Girault, créée en 1952.', 'https://fr.wikipedia.org/wiki/Pouic-Pouic',6,3,NULL,NULL,322),
  (323,'fr', 'Comédies françaises', 'Quel personnage est joué par Lino Ventura dans  Les Tontons flingueurs  ?', 'Fernand', 'Gustave', 'Raoul', 'Francis', '3', 'Les répliques et les tirades de ce film, volontairement décalées, sont pour beaucoup dans son immense succès populaire.', 'https://fr.wikipedia.org/wiki/Les_Tontons_flingueurs',6,3,NULL,NULL,323),
  (324,'fr', 'Comédies françaises', 'Comment se nomme la célèbre attachée de presse de  La Cité de la peur  ?', 'Odile Deray', 'Edith Fané', 'Martine Alaplage', 'Elodie Pété', '3', 'Le nom Odile Deray fait référence à Gilles de Rais, un ancien tueur en série français, en rapport avec le thème du film.', 'https://fr.wikipedia.org/wiki/La_Cité_de_la_peur_(film,_1994)',6,3,NULL,NULL,324),
  (325,'fr', 'Comédies françaises', 'Quel acteur interprète Yvan dans le film  La vérité si je mens  ?', 'Bruno Solo', 'Richard Anconina', 'Vincent Elbaz', 'José Garcia', '3', 'Quand Gilbert Melki a un problème avec sa télévision, on peut apercevoir un petit extrait de  Raï , de Thomas Gilou.', 'https://fr.wikipedia.org/wiki/La_Vérité_si_je_mens_!',6,3,NULL,NULL,325),
  (326,'fr', 'Comédies françaises', 'Quel âge a Tanguy dans le film réalisé en 2001 par Étienne Chatiliez ?', '28 ans', '26 ans', '30 ans', '32 ans', '3', 'Le prénom Tanguy est utilisé dans le langage populaire pour désigner un jeune adulte qui se complaît à vivre chez ses parents.', 'https://fr.wikipedia.org/wiki/Tanguy_(film)',6,3,NULL,NULL,326),
  (327,'fr', 'Comédies françaises', 'Combien de comédies Pierre Richard et Gérard Depardieu ont-ils joué ensemble ?', 'Trois', 'Quatre', 'Cinq', 'Six', '3', 'C''est ainsi que Pierre Richard interprétera François Perrin dans  La Chèvre  et François Pignon dans  Les Compères  et  Les Fugitifs .', 'https://fr.wikipedia.org/wiki/Pierre_Richard',6,3,NULL,NULL,327),
  (328,'fr', 'Comédies françaises', 'Quel est le nom de famille de Didier, Pascal et Bernard, les  Trois Frères  ?', 'Latour', 'Bogdanov', 'Ledonjon', 'Karamazov', '3', 'Au début du film, la personne que reçoit Pascal Latour en entretien d''embauche n''est autre que Théo Légitimus, le père de Pascal.', 'https://fr.wikipedia.org/wiki/Les_Trois_Frères',6,3,NULL,NULL,328),
  (329,'fr', 'Comédies françaises', 'Qui incarne la maîtresse névrosée de Thierry Lhermitte dans  Le Dîner de cons  ?', 'Alexandra Vandernoot', 'Catherine Frot', 'Agnès Jaoui', 'Josiane Balasko', '3', 'Alexandra Vandernoot est surtout connue internationalement pour son rôle de la fiancée de Duncan MacLeod, dans la série  Highlander .', 'https://fr.wikipedia.org/wiki/Le_Dîner_de_cons',6,3,NULL,NULL,329),
  (330,'fr', 'Comédies françaises', 'Quel acteur incarne le père biologique du bébé dans  Trois hommes et un couffin  ?', 'André Dussollier', 'Michel Boujenah', 'Roland Giraud', 'Jean-Pierre Bacri', '3', ' Trois hommes et un couffin  est devenu le plus grand succès de l''année 1985 au cinéma, avec plus de dix millions d''entrées.', 'https://fr.wikipedia.org/wiki/Trois_hommes_et_un_couffin',6,3,NULL,NULL,330);


INSERT INTO "quiz_has_subcategory" ("subcategory_id", "quizzes_id", "created_at", "id") VALUES 
    (1, 271, NULL, 271),
    (1, 272, NULL, 272),
    (1, 273, NULL, 273),
    (1, 274, NULL, 274),
    (1, 275, NULL, 275),
    (1, 276, NULL, 276),
    (1, 277, NULL, 277),
    (1, 278, NULL, 278),
    (1, 279, NULL, 279),
    (1, 280, NULL, 280),
    (1, 281, NULL, 281),
    (1, 282, NULL, 282),
    (1, 283, NULL, 283),
    (1, 284, NULL, 284),
    (1, 285, NULL, 285),
    (1, 286, NULL, 286),
    (1, 287, NULL, 287),
    (1, 288, NULL, 288),
    (1, 289, NULL, 289),
    (1, 290, NULL, 290),
    (1, 300, NULL, 300),
    (7, 301, NULL, 301),
    (7, 302, NULL, 302),
    (7, 303, NULL, 303),
    (7, 304, NULL, 304),
    (7, 305, NULL, 305),
    (7, 306, NULL, 306),
    (7, 307, NULL, 307),
    (7, 308, NULL, 308),
    (7, 309, NULL, 309),
    (7, 310, NULL, 310),
    (7, 311, NULL, 311),
    (7, 312, NULL, 312),
    (7, 313, NULL, 313),
    (7, 314, NULL, 314),
    (7, 315, NULL, 315),
    (7, 316, NULL, 316),
    (7, 317, NULL, 317),
    (7, 318, NULL, 318),
    (7, 319, NULL, 319),
    (7, 320, NULL, 320),
    (7, 321, NULL, 321),
    (7, 322, NULL, 322),
    (7, 323, NULL, 323),
    (7, 324, NULL, 324),
    (7, 325, NULL, 325),
    (7, 326, NULL, 326),
    (7, 327, NULL, 327),
    (7, 328, NULL, 328),
    (7, 329, NULL, 329),
    (7, 330, NULL, 330);



COMMIT;